﻿,ID,assignment,country,year
1,2021153276,Cosmopolitan AF1a,Kenya,2022
2,Z0083175,Cosmopolitan AF1a,Kenya,2019
3,Z00861806,Cosmopolitan AF1a,Kenya,2022
4,Z00861807,Cosmopolitan AF1a,Kenya,2022
5,Z00861808,Cosmopolitan AF1a,Kenya,2022
6,Z00861809,Cosmopolitan AF1a,Kenya,2022
7,Z00861810,Cosmopolitan AF1a,Kenya,2022
8,Z00861811,Cosmopolitan AF1a,Kenya,2022
9,Z00861815,Cosmopolitan AF1a,Kenya,2022
10,Z00861816,Cosmopolitan AF1a,Kenya,2022
11,Z00861820,Cosmopolitan AF1a,Kenya,2022
12,Z00861823,Cosmopolitan AF1a,Kenya,2022
13,Z00861824,Cosmopolitan AF1a,Kenya,2022
14,Z00861826,Cosmopolitan AF1a,Kenya,2022
15,Z00861827,Cosmopolitan AF1a,Kenya,2022
16,Z00861829,Cosmopolitan AF1a,Kenya,2022
17,Z00861831,Cosmopolitan AF1a,Kenya,2022
18,Z00861832,Cosmopolitan AF1a,Kenya,2022
19,Z00861834,Cosmopolitan AF1a,Kenya,2022
20,Z00861835,Cosmopolitan AF1a,Kenya,2022
21,Z00861836,Cosmopolitan AF1a,Kenya,2022
22,Z00861837,Cosmopolitan AF1a,Kenya,2022
23,Z00861838,Cosmopolitan AF1a,Kenya,2022
24,Z00861839,Cosmopolitan AF1a,Kenya,2021
25,Z00861840,Cosmopolitan AF1a,Kenya,2021
26,Z00861841,Cosmopolitan AF1a,Kenya,2021
27,Z00861842,Cosmopolitan AF1a,Kenya,2021
28,Z00861843,Cosmopolitan AF1a,Kenya,2021
29,Z00861844,Cosmopolitan AF1a,Kenya,2021
30,Z00861845,Cosmopolitan AF1a,Kenya,2021
31,Z00861846,Cosmopolitan AF1a,Kenya,2021
32,Z00861847,Cosmopolitan AF1a,Kenya,2021
33,Z00861850,Cosmopolitan AF1a,Kenya,2021
34,Z00861851,Cosmopolitan AF1a,Kenya,2021
35,Z00861852,Cosmopolitan AF1a,Kenya,2021
36,Z00861853,Cosmopolitan AF1a,Kenya,2021
37,Z00861854,Cosmopolitan AF1a,Kenya,2021
38,Z00861855,Cosmopolitan AF1a,Kenya,2021
39,Z00861858,Cosmopolitan AF1a,Kenya,2021
40,Z00861859,Cosmopolitan AF1a,Kenya,2021
41,Z00861860,Cosmopolitan AF1a,Kenya,2021
42,Z00861862,Cosmopolitan AF1a,Kenya,2021
43,Z00861863,Cosmopolitan AF1a,Kenya,2021
44,Z00861864,Cosmopolitan AF1a,Kenya,2021
45,Z00861865,Cosmopolitan AF1a,Kenya,2021
46,Z00861867,Cosmopolitan AF1a,Kenya,2021
47,Z00861869,Cosmopolitan AF1a,Kenya,2021
48,Z00861870,Cosmopolitan AF1a,Kenya,2021
49,Z00861871,Cosmopolitan AF1a,Kenya,2021
50,Z00861872,Cosmopolitan AF1a,Kenya,2021
51,Z00861874,Cosmopolitan AF1a,Kenya,2021
52,Z00861875,Cosmopolitan AF1a,Kenya,2021
53,Z00861877,Cosmopolitan AF1a,Kenya,2021
54,Z00865560,Cosmopolitan AF1a,Kenya,2022
55,Z00865561,Cosmopolitan AF1a,Kenya,2022
56,Z00865562,Cosmopolitan AF1a,Kenya,2022
57,Z00865563,Cosmopolitan AF1a,Kenya,2022
58,Z00865564,Cosmopolitan AF1a,Kenya,2022
59,Z00865566,Cosmopolitan AF1a,Kenya,2022
60,Z00865570,Cosmopolitan AF1a,Kenya,2022
61,Z00865571,Cosmopolitan AF1a,Kenya,2022
62,2010818843,Cosmopolitan AF1a,Kenya,2013
63,2011100186,Cosmopolitan AF1a,Kenya,2017
64,2011100075,Cosmopolitan AF1b,Kenya,2018
65,02196160414A,Cosmopolitan AF1b,Kenya,2019
66,AR02,Cosmopolitan AF1b,Tanzania,2021
67,AR03,Cosmopolitan AF1b,Tanzania,2022
68,HB002,Cosmopolitan AF1b,Tanzania,2019
69,IFA1013,Cosmopolitan AF1b,Tanzania,2022
70,IFA1021,Cosmopolitan AF1b,Tanzania,2022
71,IFA1023,Cosmopolitan AF1b,Tanzania,2022
72,KD1004,Cosmopolitan AF1b,Tanzania,2022
73,KIL1022,Cosmopolitan AF1b,Tanzania,2022
74,LN001,Cosmopolitan AF1b,Tanzania,2021
75,LN002,Cosmopolitan AF1b,Tanzania,2021
76,LN003,Cosmopolitan AF1b,Tanzania,2021
77,LN004,Cosmopolitan AF1b,Tanzania,2018
78,LN006,Cosmopolitan AF1b,Tanzania,2021
79,LN007,Cosmopolitan AF1b,Tanzania,2021
80,MAL1008,Cosmopolitan AF1b,Tanzania,2022
81,MAL1009,Cosmopolitan AF1b,Tanzania,2022
82,MAL1020,Cosmopolitan AF1b,Tanzania,2022
83,MAS1016,Cosmopolitan AF1b,Tanzania,2022
84,MORDC1011,Cosmopolitan AF1b,Tanzania,2022
85,MR001,Cosmopolitan AF1b,Tanzania,2020
86,MR002,Cosmopolitan AF1b,Tanzania,2021
87,MR003,Cosmopolitan AF1b,Tanzania,2021
88,MR004,Cosmopolitan AF1b,Tanzania,2021
89,MR005,Cosmopolitan AF1b,Tanzania,2020
90,MR006,Cosmopolitan AF1b,Tanzania,2020
91,MR007,Cosmopolitan AF1b,Tanzania,2021
92,MR008,Cosmopolitan AF1b,Tanzania,2018
93,MR009,Cosmopolitan AF1b,Tanzania,2019
94,MT001,Cosmopolitan AF1b,Tanzania,2020
95,MT004,Cosmopolitan AF1b,Tanzania,2022
96,MT005,Cosmopolitan AF1b,Tanzania,2022
97,MT006,Cosmopolitan AF1b,Tanzania,2018
98,NAC1014,Cosmopolitan AF1b,Tanzania,2022
99,NAC1015,Cosmopolitan AF1b,Tanzania,2022
100,NAC1017,Cosmopolitan AF1b,Tanzania,2022
101,NAC1018,Cosmopolitan AF1b,Tanzania,2022
102,NAC1025,Cosmopolitan AF1b,Tanzania,2022
103,RB001,Cosmopolitan AF1b,Tanzania,2019
104,RB002,Cosmopolitan AF1b,Tanzania,2019
105,RB003,Cosmopolitan AF1b,Tanzania,2019
106,RB004,Cosmopolitan AF1b,Tanzania,2021
107,SD712,Cosmopolitan AF1b,Tanzania,2018
108,SD716,Cosmopolitan AF1b,Tanzania,2018
109,SD734,Cosmopolitan AF1b,Tanzania,2018
110,SD735,Cosmopolitan AF1b,Tanzania,2020
111,SD736,Cosmopolitan AF1b,Tanzania,2020
112,SD737,Cosmopolitan AF1b,Tanzania,2020
113,SD738,Cosmopolitan AF1b,Tanzania,2018
114,SD740,Cosmopolitan AF1b,Tanzania,2019
115,SD741,Cosmopolitan AF1b,Tanzania,2019
116,SD743,Cosmopolitan AF1b,Tanzania,2019
117,SD744,Cosmopolitan AF1b,Tanzania,2019
118,SD745,Cosmopolitan AF1b,Tanzania,2019
119,SD746,Cosmopolitan AF1b,Tanzania,2019
120,SD747,Cosmopolitan AF1b,Tanzania,2019
121,SD749,Cosmopolitan AF1b,Tanzania,2019
122,SD750,Cosmopolitan AF1b,Tanzania,2019
123,SD751,Cosmopolitan AF1b,Tanzania,2019
124,SD753,Cosmopolitan AF1b,Tanzania,2019
125,SD754,Cosmopolitan AF1b,Tanzania,2020
126,SD755,Cosmopolitan AF1b,Tanzania,2021
127,SD756,Cosmopolitan AF1b,Tanzania,2021
128,SD759,Cosmopolitan AF1b,Tanzania,2019
129,SD760,Cosmopolitan AF1b,Tanzania,2020
130,SD761,Cosmopolitan AF1b,Tanzania,2020
131,SD763,Cosmopolitan AF1b,Tanzania,2020
132,SD764,Cosmopolitan AF1b,Tanzania,2021
133,SD766,Cosmopolitan AF1b,Tanzania,2020
134,SD767,Cosmopolitan AF1b,Tanzania,2020
135,SD782,Cosmopolitan AF1b,Tanzania,2021
136,SD785,Cosmopolitan AF1b,Tanzania,2021
137,SD789,Cosmopolitan AF1b,Tanzania,2020
138,SD790,Cosmopolitan AF1b,Tanzania,2021
139,SD791,Cosmopolitan AF1b,Tanzania,2020
140,SD792,Cosmopolitan AF1b,Tanzania,2021
141,SD793,Cosmopolitan AF1b,Tanzania,2021
142,SD799,Cosmopolitan AF1b,Tanzania,2021
143,SD801,Cosmopolitan AF1b,Tanzania,2021
144,SD802,Cosmopolitan AF1b,Tanzania,2021
145,SD804,Cosmopolitan AF1b,Tanzania,2021
146,SD806,Cosmopolitan AF1b,Tanzania,2021
147,SD807,Cosmopolitan AF1b,Tanzania,2021
148,SD809,Cosmopolitan AF1b,Tanzania,2021
149,SD810,Cosmopolitan AF1b,Tanzania,2021
150,SD812,Cosmopolitan AF1b,Tanzania,2021
151,SD813,Cosmopolitan AF1b,Tanzania,2021
152,SD815,Cosmopolitan AF1b,Tanzania,2021
153,SD816,Cosmopolitan AF1b,Tanzania,2022
154,SD817,Cosmopolitan AF1b,Tanzania,2022
155,SD818,Cosmopolitan AF1b,Tanzania,2022
156,SD821,Cosmopolitan AF1b,Tanzania,2022
157,SD823,Cosmopolitan AF1b,Tanzania,2022
158,SD825,Cosmopolitan AF1b,Tanzania,2022
159,SD826,Cosmopolitan AF1b,Tanzania,2022
160,SD827,Cosmopolitan AF1b,Tanzania,2022
161,SD828,Cosmopolitan AF1b,Tanzania,2022
162,SD830,Cosmopolitan AF1b,Tanzania,2022
163,SD831,Cosmopolitan AF1b,Tanzania,2022
164,SD832,Cosmopolitan AF1b,Tanzania,2022
165,SD834,Cosmopolitan AF1b,Tanzania,2022
166,SD835,Cosmopolitan AF1b,Tanzania,2022
167,SD837,Cosmopolitan AF1b,Tanzania,2022
168,SD846,Cosmopolitan AF1b,Tanzania,2022
169,TAN1019,Cosmopolitan AF1b,Tanzania,2022
170,Z0083186,Cosmopolitan AF1b,Kenya,2018
171,Z0083192,Cosmopolitan AF1b,Kenya,2020
172,Z0083197,Cosmopolitan AF1b,Kenya,2021
173,Z0083198,Cosmopolitan AF1b,Kenya,2021
174,Z0083200,Cosmopolitan AF1b,Kenya,2021
175,Z0083201,Cosmopolitan AF1b,Kenya,2021
176,Z0083202,Cosmopolitan AF1b,Kenya,2021
177,Z0083203,Cosmopolitan AF1b,Kenya,2021
178,Z0083204,Cosmopolitan AF1b,Kenya,2021
179,Z0083205,Cosmopolitan AF1b,Kenya,2021
180,Z0083214,Cosmopolitan AF1b,Kenya,2021
181,Z0083215,Cosmopolitan AF1b,Kenya,2021
182,Z0083216,Cosmopolitan AF1b,Kenya,2021
183,Z0083218,Cosmopolitan AF1b,Kenya,2021
184,Z0083219,Cosmopolitan AF1b,Kenya,2021
185,Z0083220,Cosmopolitan AF1b,Kenya,2021
186,Z0083221,Cosmopolitan AF1b,Kenya,2021
187,Z0083222,Cosmopolitan AF1b,Kenya,2021
188,Z0083223,Cosmopolitan AF1b,Kenya,2021
189,Z0083224,Cosmopolitan AF1b,Kenya,2021
190,Z0083225,Cosmopolitan AF1b,Kenya,2021
191,Z0083226,Cosmopolitan AF1b,Kenya,2021
192,Z0083227,Cosmopolitan AF1b,Kenya,2021
193,Z0083228,Cosmopolitan AF1b,Kenya,2021
194,Z0083229,Cosmopolitan AF1b,Kenya,2021
195,Z0083231,Cosmopolitan AF1b,Kenya,2021
196,Z0083233,Cosmopolitan AF1b,Kenya,2021
197,Z0083234,Cosmopolitan AF1b,Kenya,2021
198,Z0083235,Cosmopolitan AF1b,Kenya,2021
199,Z0083236,Cosmopolitan AF1b,Kenya,2021
200,Z0083237,Cosmopolitan AF1b,Kenya,2021
201,Z0083239,Cosmopolitan AF1b,Kenya,2021
202,Z0083240,Cosmopolitan AF1b,Kenya,2021
203,Z0083243,Cosmopolitan AF1b,Kenya,2021
204,Z00832441,Cosmopolitan AF1b,Kenya,2021
205,Z00832442,Cosmopolitan AF1b,Kenya,2021
206,Z00832443,Cosmopolitan AF1b,Kenya,2021
207,Z0083245,Cosmopolitan AF1b,Kenya,2021
208,Z0083249,Cosmopolitan AF1b,Kenya,2022
209,Z0083252,Cosmopolitan AF1b,Kenya,2021
210,Z0083253,Cosmopolitan AF1b,Kenya,2021
211,Z0083261,Cosmopolitan AF1b,Kenya,2022
212,Z0083262,Cosmopolitan AF1b,Kenya,2022
213,Z0083263,Cosmopolitan AF1b,Kenya,2022
214,Z0083265,Cosmopolitan AF1b,Kenya,2021
215,Z0829313,Cosmopolitan AF1b,Kenya,2022
216,Z0829323,Cosmopolitan AF1b,Kenya,2022
217,Z0829325,Cosmopolitan AF1b,Kenya,2022
218,Z0829333,Cosmopolitan AF1b,Kenya,2022
219,Z0829334,Cosmopolitan AF1b,Kenya,2022
220,Z0829335,Cosmopolitan AF1b,Kenya,2022
221,Z0829337,Cosmopolitan AF1b,Kenya,2022
222,Z0829340,Cosmopolitan AF1b,Kenya,2022
223,Z0829341,Cosmopolitan AF1b,Kenya,2022
224,Z0829343,Cosmopolitan AF1b,Kenya,2022
225,Z0829344,Cosmopolitan AF1b,Kenya,2022
226,Z0828879,,Kenya,2018
227,MN726803,,Tanzania,2018
228,MN726814,,Kenya,2018
229,MN726816,,Kenya,2018
230,MN726821,,Kenya,2018
231,MN726822,,Tanzania,2018
232,MN726830,,Kenya,2018
233,KX148206,,Tanzania,1996
234,KR906741,,Tanzania,2003
235,KR906738,,Tanzania,2004
236,KR906739,,Tanzania,2004
237,KR534219,,Tanzania,2007
238,KY210223,,Tanzania,2007
239,KR906735,,Tanzania,2008
240,KR906736,,Tanzania,2008
241,KR534217,,Tanzania,2008
242,KR534218,,Tanzania,2008
243,KR534220,,Tanzania,2008
244,KR906737,,Tanzania,2008
245,KY210220,,Tanzania,2008
246,KY210221,,Tanzania,2008
247,KR906734,,Tanzania,2008
248,KY210222,,Tanzania,2009
249,KR906740,,Tanzania,2009
250,KR906742,,Tanzania,2009
251,KR906766,,Tanzania,2010
252,KR906764,,Tanzania,2010
253,KR906765,,Tanzania,2010
254,KR906763,,Tanzania,2010
255,KR906745,,Tanzania,2010
256,KR906749,,Tanzania,2010
257,KR906761,,Tanzania,2010
258,KR906762,,Tanzania,2010
259,KR906760,,Tanzania,2010
260,KR534229,,Tanzania,2010
261,KR906758,,Tanzania,2010
262,KY210224,,Tanzania,2010
263,KR906750,,Tanzania,2010
264,KF155002,,Tanzania,2010
265,KR906748,,Tanzania,2010
266,KR906746,,Tanzania,2010
267,KR906747,,Tanzania,2010
268,KR906757,,Tanzania,2010
269,KR906759,,Tanzania,2010
270,KR906744,,Tanzania,2010
271,KR534228,,Tanzania,2010
272,KR534231,,Tanzania,2010
273,KR906743,,Tanzania,2010
274,KR534230,,Tanzania,2010
275,KR906775,,Tanzania,2011
276,KR906753,,Tanzania,2011
277,KR906767,,Tanzania,2011
278,KY210228,,Tanzania,2011
279,KR534232,,Tanzania,2011
280,KR534233,,Tanzania,2011
281,KR906756,,Tanzania,2011
282,KR906772,,Tanzania,2011
283,KR534244,,Tanzania,2011
284,KR534245,,Tanzania,2011
285,KR534246,,Tanzania,2011
286,KR534247,,Tanzania,2011
287,KR534248,,Tanzania,2011
288,KR534249,,Tanzania,2011
289,KR534254,,Tanzania,2011
290,KR906755,,Tanzania,2011
291,KR906771,,Tanzania,2011
292,KY210225,,Tanzania,2011
293,KY210229,,Tanzania,2011
294,KY210231,,Tanzania,2011
295,KY210232,,Tanzania,2011
296,KY210234,,Tanzania,2011
297,KY210235,,Tanzania,2011
298,KY210238,,Tanzania,2011
299,KY210239,,Tanzania,2011
300,KY210241,,Tanzania,2011
301,KY210243,,Tanzania,2011
302,KR534253,,Tanzania,2011
303,KR906773,,Tanzania,2011
304,KR906778,,Tanzania,2011
305,KR906780,,Tanzania,2011
306,KY210278,,Tanzania,2011
307,KY210286,,Tanzania,2011
308,KR534235,,Tanzania,2011
309,KR534236,,Tanzania,2011
310,KR534237,,Tanzania,2011
311,KR534250,,Tanzania,2011
312,KR534256,,Tanzania,2011
313,KY210226,,Tanzania,2011
314,KY210230,,Tanzania,2011
315,KY210236,,Tanzania,2011
316,KY210244,,Tanzania,2011
317,KR906754,,Tanzania,2011
318,KR906768,,Tanzania,2011
319,KR906752,,Tanzania,2011
320,KR906751,,Tanzania,2011
321,KR534234,,Tanzania,2011
322,KR534238,,Tanzania,2011
323,KR534251,,Tanzania,2011
324,KR534252,,Tanzania,2011
325,KR906774,,Tanzania,2011
326,KR906769,,Tanzania,2011
327,KR906770,,Tanzania,2011
328,KR906776,,Tanzania,2011
329,KR906777,,Tanzania,2011
330,KY210227,,Tanzania,2011
331,KY210233,,Tanzania,2011
332,KY210237,,Tanzania,2011
333,KY210240,,Tanzania,2011
334,KY210242,,Tanzania,2011
335,KY210277,,Tanzania,2011
336,KY210279,,Tanzania,2011
337,KR906783,,Tanzania,2012
338,KR906786,,Tanzania,2012
339,KR906782,,Tanzania,2012
340,KR906787,,Tanzania,2012
341,KY210246,,Tanzania,2012
342,KY210247,,Tanzania,2012
343,KY210249,,Tanzania,2012
344,KY210250,,Tanzania,2012
345,KY210251,,Tanzania,2012
346,KY210289,,Tanzania,2012
347,KY210290,,Tanzania,2012
348,KY210291,,Tanzania,2012
349,KY210292,,Tanzania,2012
350,KY210293,,Tanzania,2012
351,KY210299,,Tanzania,2012
352,KY210300,,Tanzania,2012
353,KY210301,,Tanzania,2012
354,KY210302,,Tanzania,2012
355,KY210307,,Tanzania,2012
356,KR906781,,Tanzania,2012
357,KY210287,,Tanzania,2012
358,KY210288,,Tanzania,2012
359,KY210295,,Tanzania,2012
360,KY210296,,Tanzania,2012
361,KY210308,,Tanzania,2012
362,KR906788,,Tanzania,2012
363,KR906792,,Tanzania,2012
364,KY210248,,Tanzania,2012
365,KY210297,,Tanzania,2012
366,KY210298,,Tanzania,2012
367,KY210303,,Tanzania,2012
368,KY210305,,Tanzania,2012
369,KR906779,,Tanzania,2012
370,KR906785,,Tanzania,2012
371,KR906790,,Tanzania,2012
372,KR906791,,Tanzania,2012
373,KY210245,,Tanzania,2012
374,KY210252,,Tanzania,2012
375,KY210280,,Tanzania,2012
376,KY210281,,Tanzania,2012
377,KY210282,,Tanzania,2012
378,KY210285,,Tanzania,2012
379,KY210306,,Tanzania,2012
380,KY210309,,Tanzania,2012
381,KY210311,,Tanzania,2012
382,KR906784,,Tanzania,2012
383,KR906789,,Tanzania,2012
384,KY210283,,Tanzania,2012
385,KY210284,,Tanzania,2012
386,KY210294,,Tanzania,2012
387,KY210304,,Tanzania,2012
388,KY210310,,Tanzania,2012
389,MN726819,,Kenya,2013
390,KY210275,,Tanzania,2013
391,KY210267,,Tanzania,2013
392,KY210258,,Tanzania,2013
393,KY210259,,Tanzania,2013
394,KY210260,,Tanzania,2013
395,KY210271,,Tanzania,2013
396,KY210272,,Tanzania,2013
397,KY210268,,Tanzania,2013
398,KY210262,,Tanzania,2013
399,KY210265,,Tanzania,2013
400,KY210273,,Tanzania,2013
401,KY210276,,Tanzania,2013
402,KY210253,,Tanzania,2013
403,KY210254,,Tanzania,2013
404,KY210255,,Tanzania,2013
405,KY210256,,Tanzania,2013
406,KY210263,,Tanzania,2013
407,KY210264,,Tanzania,2013
408,KY210266,,Tanzania,2013
409,MN726831,,Kenya,2013
410,KY210257,,Tanzania,2013
411,KY210261,,Tanzania,2013
412,KY210269,,Tanzania,2013
413,KY210270,,Tanzania,2013
414,KY210274,,Tanzania,2013
415,KX148207,,Kenya,2014
416,MN726810,,Kenya,2015
417,MN726815,,Tanzania,2015
418,MN726818,,Tanzania,2015
419,MN726825,,Tanzania,2015
420,MN726804,,Tanzania,2015
421,MN726802,,Tanzania,2016
422,MN726808,,Tanzania,2016
423,MN726817,,Tanzania,2016
424,MN726809,,Tanzania,2016
425,MN726824,,Tanzania,2016
426,MN726826,,Tanzania,2016
427,MN726805,,Kenya,2017
428,MN726812,,Kenya,2017
429,MN726811,,Tanzania,2017
430,MN726832,,Tanzania,2017
431,MN726835,,Tanzania,2017
432,MN726823,,Tanzania,2017
433,MN726820,,Tanzania,2017
434,MN726807,,Tanzania,2017
435,MN726828,,Tanzania,2017
436,MN726827,,Tanzania,2017
437,MN726829,,Tanzania,2017
438,MN726833,,Tanzania,2017